UF,populacao
SP,44.396484
MG,20.869101
RJ,16.550024
BH,15.203934
RS,11.247972
PR,11.163018
PE,9.345173
CE,8.904459
PA,8.175113
MA,6.904241
SC,6.819190
GO,6.610681
PB,3.972202
AM,3.938336
ES,3.929911
RN,3.442175
AL,3.340932
MT,3.265486
PI,3.204028
DF,2.914830
MS,2.449341
SE,2.242937
RO,1.768204
TO,1.515126
AC,803.513
AP,766.679
RR,505.665