regiao,populacao
sudeste,85.745520
nordeste,56.560081
sul,29.230180
norte,17.472636
centrooeste,15.442232